news,label_1,label_2
The U.S. CDC quietly updated their numbers in August to show that only 6% of all coronavirus deaths were completely due to the coronavirus alone,1,FALSE
"Social media posts shared thousands of times and retweeted by President Donald Trump claim the U.S Centers for Disease Control and Prevention cut the national COVID-19 death toll by 94%, citing a CDC comorbidity chart.",0,FALSE
"The CDC updated the COVID-19 number to admit that only 6% of all the 153,504 deaths recorded actually died from COVID-19.",0,FALSE
"Either masks work or they don√¢‚Ç¨‚Ñ¢t; if masks work, then physical distancing and lockdowns are unnec",1,FALSE
"The RT-PCR test for the virus that causes COVID-19 detects human DNA on chromosome 8, therefore all tests will give a positive result",1,FALSE
The Governor of Maine has ordered restaurant staff to wear dog cone-style face visors as a precautionary measure against COVID-19.,0,FALSE
The greatest trick the U.S. CDC ever pulled was convincing the world you can be sick without having symptoms.,0,FALSE
"The survival rate of COVID-19 is close to 100% without a vaccine, so what exactly will the purpose of the new vaccine be?",0,FALSE
Misleading claims about COVID-19 vaccine spread by √¢‚Ç¨ÀúPlandemic√,1,FALSE
"Photos show Democratic presidential nominee Joe Biden and his running mate, Sen. Kamala Harris, are not abiding by public health recommendations regarding face masks.",0,FALSE
"Facebook posts shared tens of thousands of times during the Democratic National Convention criticize Joe Biden, Kamala Harris, and other top Democrats for appearing in a crowd without masks.",0,FALSE
"Hydroxychloroquine is why Uganda, with a population of 43M, has only 15 COVID-19 deaths.",1,FALSE
The overall lethality of COVID-19 (infection fatality rate) is about 0.1% to 0.3% and thus in the range of a severe influenza; up to 60% of all persons may already have a certain cellular background immunity to the new coronavirus due to contact with previous coronaviruses (i.e. cold viruses); there is still little to no scientific evidence for the effectiveness of cloth face masks in healthy and asymptomatic individuals,1,FALSE
Our chance of not dying from COVID-19 is 99.96%,0,FALSE
Would you take a vaccine with a 33% death rate to feel safe from a virus with a 0.06% death rate?,0,FALSE
"Sweden has a lower COVID-19 death rate than Spain, Italy and the U.K., even though it never had a lockdown",0,FALSE
"A large, country-randomized controlled trial with 2.7 billion people shows that COVID-19 patients treated with hydroxychloroquine have a 79.1% lower death rate",0,FALSE
"Posts shared thousands of times on social media claim Legionnaires√¢‚Ç¨‚Ñ¢ disease, a serious type of pneumonia, can be contracted through reusable face masks, implying that it could be mistaken for CO",1,FALSE
Social media posts shared thousands of times attribute comments criticizing coronavirus measures to Fox News host Tucker Carlson.,1,FALSE
An image appearing to be an publication by the World Health Organization (WHO) shows that the global health body does not recommend mask-wearing during the COVID-19 pandemic.,0,FALSE
"If masks were effective and necessary, non-mask wearers should be dead by now",1,FALSE
A Facebook post shared thousands of times claims the United States has reached herd immunity for COVID-19.,0,FALSE
"We can√¢‚Ç¨‚Ñ¢t make a vaccine that works for flu, no vaccine for the respiratory syncytial virus (RSV), and we can√¢‚Ç¨‚Ñ¢t cure cancer. Yet somehow scientists can make a vaccine for COVID-19 ",1,FALSE
"Hydroxychloroquine, azithromycin and zinc cure COVID-19",1,FALSE
"Facebook posts shared thousands of times claim Washington√¢‚Ç¨‚Ñ¢s mayor exempted members of Congress from a 14-day quarantine after they traveled to the funeral of civil rights icon John Lewis in Georgia, which the city considers a √¢‚Ç¨≈ìhigh-risk√¢‚Ç¨¬ù state f",1,FALSE
"Herman Cain, one-time Republican presidential candidate, died of colon cancer, not COVID-19.",0,FALSE
"The truck depicting the god of death Anubis is aimed at testing and then infecting people, which eventually ends with human microchipping.",1,FALSE
A group called America√¢‚Ç¨‚Ñ¢s Frontline Doctors are featured in viral video claiming hydroxychloroquine cures CO,0,FALSE
"Stella Immanuel claims that the drug combination of hydroxychloroquine, zinc and azithromycin is a cure and preventative for COVID-19 and that people don√¢‚Ç¨‚Ñ¢t need to wear masks or practice physical distancing in a Breitbart video featuring a group called America√¢‚Ç¨‚Ñ¢s Fron",0,FALSE
Wearing a face mask to slow the spread of COVID-19 could cause Legionnaires√¢‚Ç¨‚Ñ¢ d,1,FALSE
The nasal swab test for COVID-19 damages the √¢‚Ç¨≈ìblood-brain barrier√¢‚Ç¨¬ù and can therefore lead to brain,0,FALSE
The Centers for Disease Control and Prevention made a mistake and has lowered its COVID-19 case count in Florida.,0,FALSE
A Facebook video claims that a new oral spray √¢‚Ç¨≈ìdeactivates 98% of the coronavirus√¢‚Ç¨¬ù in the mouth. This effect is believed to be partly due to the ability of trypsin to sever proteins on the surface of the SARS-,1,FALSE
5G generates the coronavirus SARS-CoV-2 in human skin cells.,0,FALSE
A mobile COVID-19 testing station bears a logo that depicts an ancient deity of death.,0,FALSE
"Masks do nothing to prevent the spread of pathogens, including SARS-CoV-2, and cause oxygen deficiency",0,FALSE
Facebook posts shared thousands of times claim that the US Federal Emergency Management Agency (FEMA) is offering hazard pay compensation to individuals who worked during the novel coronavirus pandemic.,0,FALSE
5G technology creates coronavirus in human cells,0,FALSE
US Education Secretary Betsy DeVos said children are √¢‚Ç¨≈ìstoppers√¢‚Ç¨¬ù of ,0,FALSE
Video says face masks are ineffective in mitigating transmission of COVID-19 and are harmful to the wearer.,1,FALSE
"Photo shows former President Barack Obama, Dr. Anthony Fauci and Melinda Gates at the √¢‚Ç¨≈ìWuhan lab in ",1,FALSE
"A photo claims to show Dr. Fauci, Melinda Gates and Barack Obama at the Wuhan Lab in 2015.",1,FALSE
Claim that Secretary of Education Betsy DeVos said √¢‚Ç¨Àúonly√¢‚Ç¨‚Ñ¢ .02% of kids are likely to die when they go back to school during ,1,FALSE
The U.S. government has approved a second round of coronavirus stimulus payments to everyone who signs up √¢‚Ç¨‚Äù and that the money will be forthcoming in √¢‚Ç¨≈ì5-7 bu,0,FALSE
Deaths from COVID-19 are nearing zero in the U.S.,1,FALSE
Using nasopharyngeal swabs for COVID-19 testing is unnecessary; saliva samples from mouth swabs is an equivalent substitute,0,FALSE
Articles shared hundreds of times on Facebook in multiple countries claim that holy communion has been banned in Toronto as part of the Canadian city√¢‚Ç¨‚Ñ¢s response to the coronavirus pa,0,FALSE
Nasal swabs used to obtain samples for COVID-19 tests reach the blood-brain barrier and may damage it.,0,FALSE
A spike in COVID-19 cases in the U.S. seen in June 2020 is due to increased testing.,0,FALSE
No one has died from the coronavirus; there are no antibodies that identify SARS-CoV-2; pathologists have no means of verifying whether a person was infected with SARS-CoV-2; SARS-CoV-2 has not fulfilled Koch√¢‚Ç¨‚Ñ¢s post,1,FALSE
"Infant deaths decreased dramatically during the lockdown, when the number of vaccines administered was reduced; vaccines are a cause of sudden infant death syndrome",1,FALSE
Face masks don√¢‚Ç¨‚Ñ¢t √¢‚Ç¨≈ìprotect against covid19 and ot,0,FALSE
Antibodies for the common cold produce a positive COVID-19 test. False-positive results from COVID-19 antibody testing are behind the COVID-19 cases reported in the U.S.,1,FALSE
Ghislaine Maxwell √¢‚Ç¨‚Äù the recently arrested associate of Jeffrey Epstein √¢‚Ç¨‚Äù has tested positive for COVID-19 ,1,FALSE
U.S. hospital laboratories falsify COVID-19 tests to inflate the number of positive results. Nurses sent unused swabs for COVID-19 testing and they all came back positive.,1,FALSE
Gas sensors show that wearing a face mask leads to oxygen deficiency and carbon dioxide toxicity.,1,FALSE
Facebook posts shared in at least three countries as scientists work to develop a COVID-19 vaccine claim to offer a legal way to refuse vaccination.,1,FALSE
Wisconsin is √É‚Äôclearly seeing a decline in COVID infectio,1,FALSE
Facebook posts claim a child who is infected with the novel coronavirus will be taken to a hospital unaccompanied.,0,FALSE
India√É‚Ä¢s Ministry of Home Affairs banning citizens from posting about the new coronavirus on social me,0,FALSE
"42 Democratic senators, plus two Independents, voted against sending direct payments to Americans as part of the coronavirus economic stimulus package.",0,FALSE
The photo of a vaccine for canine coronavirus proves that a vaccine exists for the novel coronavirus that causes COVID-19.,0,FALSE
A picture of a reporter in protective medical gear is an example of how the American media √É‚Äôhypes√É‚Äú the COVID-19 p,1,FALSE
"A photo taken by a journalist showing a beach in Jacksonville, Florida, isn√É‚Ä¢t from after the government reopened the beach as news reports have clai",0,FALSE
News photo from stay-at-home protest was doctored to add Confederate flag.,0,FALSE
"Says a photo shows the √É‚ÄôSAME EXACT PEOPLE√É‚Äú at √É‚Äôtwo different beaches√É‚Äú in Los Angeles County and Jackso",0,FALSE
“My wife is suffering from coronavirus and she is pregnant. The doctor said she won’t survive it.”,1,FALSE
A Democratic attack ad said Trump shipped 17 tons of medical supplies to China.,1,FALSE
The COVID-19 virus cannot spread in areas sprayed with eucalyptus oil vapor.,1,FALSE
Goodwill Industries International has fired all its employees because of the coronavirus pandemic.,0,FALSE
Says Wisconsin√É‚Ä¢s in-person election has caused a √É‚Äôsurge√É‚Äú in new coron,0,FALSE
Nobel laureate Luc Montagnier claimed that the coronavirus genome contained sequences of HIV (the virus that causes AIDS).,0,FALSE
Trump√É‚Ä¢s claim that Obama√É‚Ä¢s handling of the 2009 swine flu pandemic was a d,0,FALSE
"""House of Representatives Speaker Nancy Pelosi posted and deleted a video on her Twitter account, in which she calls on people to visit Chinatown in San Francisco.""",0,FALSE
"House Speaker Nancy Pelosi delete a February 24, 2020, video of herself from Twitter in which she encouraged people to visit Chinatown in San Francisco.",0,FALSE
The Food and Drug Administration (FDA) authorized Bodysphere√É‚Ä¢s two-minute COVID-19 testing ,0,FALSE
"Posts shared more than 2,000 times on social media appear to show a 2009 tweet from Donald Trump criticizing then-president Barack Obama√É‚Ä¢s handling of the H1N1 pandemic and placing √É‚ÄôALL responsibility√É‚Äú on presidents ",0,FALSE
Amazon√É‚Ä¢s Alexa says the government released the coronavi,0,FALSE
"In the United States, there are √É‚Äô360,000 (deaths) a year from swimming pools. But we don√É‚Ä¢t shut the country down fo",1,FALSE
Hospitals compensated 15% more for COVID-19 patients under the stimulus package and New York City hospitals are inflating their coronavirus numbers.,0,FALSE
A video argues that the pandemic could have resulted from the accidental or intentional release of either a natural virus under study or an artificial virus that was bioengineered (manmade).,1,FALSE
Says Democrats are on vacation until May 4 and √É‚Äôrefuse to come back√É‚Äú to sign a bill to help small bus,1,FALSE
"“This is COVID-19, not COVID-1, folks. And so you would think the people charged with the World Health Organization facts and figures would be on top of that.”",1,FALSE
Thieves are handing out chemically doused face masks to knock people out before robbing them.,1,FALSE
Economic stimulus payments to U.S. citizens will either reduce future tax refunds or will have to be paid back.,0,FALSE
"Valley County, Montana, mandated pink arm bands for residents who had submitted to quarantine protocol.",0,FALSE
"Gov. Andrew Cuomo √É‚Äôwas simply saying if we can share 20 percent of your excess, your non-used ventilators, to help people in other parts of the state on a voluntary basis, that would be great. Of course, there was a reaction to that, which was not positi",0,FALSE
Trump√É‚Ä¢s claims about how quickly WHO acted to announce human-to-human transmis,1,FALSE
Video shows an orangutan who started washing its hands after watching the zookeepers do so during the coronavirus pandemic.,0,FALSE
"The news media has tried to pass off one man√É‚Ä¢s death, attributed to complications from COVID-19, as two separate ca",1,FALSE
“Michigan Governor Gretchen Whitmer bans buying US flags during lockdown.”,1,FALSE
"“The president looks like he was ahead of the curve – as you know, he talks about this all the time – on shutting down travel from China.”",0,FALSE
Joe Diffie√É‚Ä¢s death was labeled √É‚Äôas a COVID-19 death and it ,1,FALSE
Trump says that as president he has √É‚Äôtotal√É‚Äú authority to re-open states amid the COVID-19 p,0,FALSE
"Average American has less than two-tenths of one percent chance of getting coronavirus, and thus public health officials overreacted to the pandemic.",1,FALSE
"Trump claims √É‚Äôit is the decision of the President,√É‚Äú not governors, to √É‚Äôopen up ",1,FALSE
"The US $1,200 coronavirus relief checks this year are √É‚Äôjust an advance on your next tax return. √É‚Ä∞ Next year, you√É‚Ä¢re automatically going to owe $1,200 come ",0,FALSE
Says American NIAID director Dr. Anthony Fauci √É‚Äôstands to lose 100 million dollars on Bill Gates √É‚Äùvaccine√É‚Ä¢ for the coronavirus. Because he invested in th,0,FALSE
Numbers in a photo about death tolls from COVID-19 show that the pandemic is a con.,0,FALSE
Michigan Gov. Gretchen Whitmer banned sale of American flags during COVID-19 pandemic.,0,FALSE
A photo shared thousands of times on Facebook claims to show the throat of a novel coronavirus patient.,0,FALSE
COVID-19 stimulus checks are an advance on 2020 tax refunds.,0,FALSE
Dr. Anthony Fauci √É‚Äôwas telling people on February 29th that there was nothing to worry about and it posed no threat to the US public at lar,1,FALSE
Calling 1-800-382-5277 or 1-800-746-6373 gives Americans information on their coronavirus stimulus checks.,1,FALSE
Says Michigan COVID-19 order bans gardening and the sale of vegetable seeds and fruit.,1,FALSE
Mosques allowed to stay open in the US during the coronavirus epidemic while churches are forced to close.,0,FALSE
15 major global pandemics all originated in China.,0,FALSE
President Donald Trump referred to the coronavirus as a √É‚Äôhoax√É‚Äú or √É‚Äôpolitical ,0,FALSE
Pentagon confirms coronavirus accidentally got into chemtrail supply train.,0,FALSE
China√É‚Ä¢s Communist government created the novel coronavirus in a laboratory and released it into the world as a deadly biowea,0,FALSE
Viral publication says a video shows a √É‚Äôgay party in Italy few weeks before COVID-,0,FALSE
"“Per order from @GovWhitmer, people in Michigan are now banned from purchasing a new baby car seat in stores.”",0,FALSE
“Mass vaccination for COVID-19 in Senegal was started yesterday (4/8) and the first 7 CHILDREN who received it DIED on the spot.”,0,FALSE
Soap and hand sanitizer can be used to kill coronavirus in the body.,0,FALSE
"Viral video with Dr. Shiva Ayyadurai proves Fauci, White House and others are members of deep state.",0,FALSE
Herd immunity is probably why California has far fewer COVID-19 deaths than New York.,1,FALSE
"“Church services can’t resume until we’re all vaccinated, says Bill Gates.”",0,FALSE
COVID-19 mass vaccine in Senegal that began in West Africa killed the first seven children who received it.,1,FALSE
CDC admitted to lying about COVID-19 death stats.,1,FALSE
Top German virologist J√Ö¬∏rgen Rissland recommended drinking whiskey to combat COVID-,0,FALSE
Bill Gates is plotting to use COVID-19 testing and a future vaccine to track people with microchips.,0,FALSE
"COVID-19 causes prolonged and progressive hypoxia (starving your body of oxygen) by binding to the heme groups in hemoglobin in your red blood cells. People are simply desaturating (losing O2 in their blood), and that√É‚Ä¢s what eventually leads to organ failures that kill them, not any form of ARDS or pneumo",0,FALSE
COVID-19 vaccine trial killed 7 children in Senegal.,0,FALSE
U.S. Speaker of the House Nancy Pelosi said she won√É‚Ä¢t pass new economic stimulus package unless senior citizens are exclu,0,FALSE
"Social media posts recommend tonic water and zinc as a cure for a novel coronavirus infection, as the drink contains quinine, whose synthetic relative hydroxychloroquine is on trial as a COVID-19 treatment.",1,FALSE
US arrests the man who created Covid-19.,1,FALSE
"India is suing Microsoft founder Bill Gates because of his vaccine against coronavirus that killed 77,000 girls.",0,FALSE
Coronavirus will be exterminated if lockdowns are lifted.,0,FALSE
The number of deaths from COVID-19 are exaggerated.,0,FALSE
Michigan governor violated social distancing order while signing stay-at-home order.,0,FALSE
Posts claim that the speaker of the Winsconsin state assembly Robin Vos wore protective gear that √É‚Äôelection workers he forced to work √É‚Ä∞ do no,0,FALSE
5G exposure/radiation pollution compromises the structure and function of hemoglobin in cells and worsens COVID-19 pandemic.,1,FALSE
"A video has been viewed tens of thousands of times on Twitter, Facebook and YouTube alongside a claim that it shows the US Federal Bureau of Investigation (FBI) raiding a synagogue that was used to hoard face masks and other medical equipment.",0,FALSE
Steam from boiling oranges kills COVID-19.,1,FALSE
“Everyone is only dying of coronavirus now.”,0,FALSE
"Facebook posts claims the Asian, Hong Kong, swine and bird flus each √É‚Äôkilled more people than coronavir",0,FALSE
Queen Elizabeth said Philippine President Rodrigo Duterte √É‚Äôis the kind of leader who knows the way √É‚Ä∞ Filipinos are very lucky to ha,0,FALSE
A photo shows South Carolina after stay-at-home orders were announced.,0,FALSE
The Obama administration left President Donald Trump with a √É‚Äôstockpile with a cupboard that was ba,0,FALSE
“Same little boy died of COVID-19 in three different countries. Still don’t believe the media is #fakenews?”,0,FALSE
“The North Carolina and Virginia State line is closed. Nothing in or out.”,0,FALSE
A poem about people staying home was written by Kathleen O√É‚Ä¢Mara in 1,0,FALSE
“59 people die as pastor gives them Dettol to drink in church to prevent coronavirus.”,0,FALSE
"Asian flu, Hong Kong flu, swine flu and bird flu killed more people than coronavirus has today. And that the government never shut down anything for those.",0,FALSE
"Claim that televangelist Pat Robertson said some young people √É‚Äôare doing all kinds of unnatural things with their sex organs. When people do that, they transfer all kinds of chemicals from ladies√É‚Ä¢ private parts and that√É‚Ä¢s where I think the (corona)virus",0,FALSE
People are handing out masks √É‚Äôdoused with chemicals which knocks you out cold√É‚Äú so they can ,0,FALSE
"Former NYC Mayor Rudolph Giuliani said he √É‚Äôbought $2M in shares of Novartis, a primary supplier of hydroxychloroquine√É‚Äú in early F",0,FALSE
Coronavirus is fake or a made-up ploy by 5G.,0,FALSE
Photo of a mannequin being wheeled into a hospital shows the COVID-19 coverup.,0,FALSE
Hospital is caught using a dummy in pandemic footage.,1,FALSE
"“In Italy, they have thrown their money on the streets. A clear message to the whole world that money is not enough when health is in danger.”",0,FALSE
Coronavirus death toll in the U.S. is inflated by inclusion of unrelated deaths.,0,FALSE
President Trump has repeatedly touted the anti-malarial medications hydroxychloroquine and chloroquine as the much-needed solution to covid-19,1,FALSE
"Social media posts shared tens of thousands of times claim White House adviser Dr. Anthony Fauci stands alone in insisting hydroxychloroquine√É‚Ä¢s effectiveness against COVID-19 is unproven, while Italy, France, Spain and Brazil say it √É‚Ä",0,FALSE
Says 44 US senators √É‚Äôvoted NOT to send stimulus chec,0,FALSE
The NBA is asking President Donald Trump to √É‚Äôresign or we√É‚Ä¢ll never play,1,FALSE
President Donald Trump√É‚Ä¢s statement that lupus patients are not vulnerable to COVID-19 is not t,0,FALSE
New data shows that 21 million Chinese died from the coronavirus.,0,FALSE
Suggestion that Trump urged sick people to get out and vote during COVID-19 pandemic.,0,FALSE
"Ron Johnson said Americans should go back to work, because √É‚Äôdeath is an unavoidable part of li",0,FALSE
North Carolina √É‚Äôhospital beds are typically 85% full across the sta,0,FALSE
"“We’ve got to give the American public a rough estimate of how long we think this is going to take, based mostly on the South Korean model, which seems to be the trajectory that we are on, thankfully, and not the Italian model.”",0,FALSE
Says the U.S. is developing an √É‚Äôantivirus√É‚Äú that includes a chip to track your m,0,FALSE
"Big Pharma, Dr. Anthony Fauci and Bill Gates want to ban hydroxychoroquine.",0,FALSE
“The Chinese Communist Party is using Zoom as a way to spy on our citizens.”,0,FALSE
Photo on biography of a boy who died from coronavirus.,0,FALSE
“Joe Exotic tests positive for coronavirus in prison. It’s been confirmed.”,1,FALSE
Walmart has adopted staggered shopping days based on age in response to the pandemic.,0,FALSE
"“We were slow with the testing, but very quick with the travel ban. And that’s been much more critical in saving lives.”",1,FALSE
Walmart is adopting a staggered schedule due to the coronavirus.,1,FALSE
Says Nostradamus predicted the coronavirus in a 1551 passage about a plague spreading from the east.,0,FALSE
Israeli recipe for lemon and bicarbonate drink is a coronavirus cure.,0,FALSE
Video claiming you can√É‚Ä¢t catch coronavi,0,FALSE
"Kennedy Center, PBS donated to Democrats after getting COVID-19 stimulus money.",0,FALSE
In New York √É‚Äôevery contaminated corpse belongs to the state√É‚Äú and will be incinerated without any √É‚Äôwakes or memorial services to pay your las,0,FALSE
Says Goodwill used the pandemic √É‚Äôto fire all of their employees instead of laying them o,0,FALSE
Goodwill laid off all employees due to COVID-19.,0,FALSE
Says video shows √É‚Äôthe Chinese are destroying the 5G poles as they are aware that it is the thing triggering the corona sympto,0,FALSE
Trump√É‚Ä¢s claim that he imposed the first travel ban on Ch,0,FALSE
Audio of Biden calling the coronavirus a hoax.,0,FALSE
"”If you line up all the countries that have done (Covid-19) testing on a per-capita basis, we’re [the US] at the bottom of the list.”",0,FALSE
“Rivers in Oklahoma are full of catfish carrying the virus.”,0,FALSE
Governors across the U.S. are announcing that the current school year will be repeated due to coronavirus school closings.,0,FALSE
A video purportedly showing COVID-19 victims in body bags strewn across the floor of a New York hospital was shared several thousand times in multiple languages on social media.,0,FALSE
"Facebook posts shared thousands of times feature a video of U.S. officials talking to reporters, with captions claiming they are announcing the arrest of a Chinese scientist.",0,FALSE
Coronavirus does not cause a runny nose; is killed by temperatures above 26 degrees; causes lung fibrosis within days of infection; can be diagnosed by holding your breath for 10 seconds; and can be cured in the early stages by drinking plenty of water.,0,FALSE
The coronavirus has been √É‚Äôreleased√É‚Äú by China [√É‚Ä∞] it was purposely propagated by the Chinese,1,FALSE
Alkaline diet protects against the coronavirus.,0,FALSE
A series of statements by Joe Biden claiming he called for action before he did,1,FALSE
Empty hospital lots and waiting rooms are indicative of a coronavirus hoax.,1,FALSE
"“Now, they’re doing tests on airlines — very strong tests — for getting on, getting off. They’re doing tests on trains — getting on, getting off.”",0,FALSE
Missouri students will have to repeat the school year because of COVID-19 school closings.,0,FALSE
NYT invented the video of a doctor fighting coronavirus in hospital.,0,FALSE
Thousands of Facebook users in the United States are sharing 1-800 numbers that are supposed to help track stimulus payments promised by the federal government under a novel coronavirus economic aid package.,1,FALSE
"The army is patrolling all the streets, towns and villages in Ireland.",1,FALSE
Says there√É‚Ä¢s an 800 number you can call to track the status of your stimulus ch,0,FALSE
"If you ask Amazon√É‚Ä¢s Alexa about the origin of the coronavirus pandemic, it says √É‚Äôthe government plan",1,FALSE
"Social media posts shared thousands of times advocate 10 methods to prevent a novel coronavirus infection, citing recommendations allegedly stemming from autopsies on COVID-19 victims, including in China, where the virus first emerged.",1,FALSE
"Posts on social media claim there is a US patent for the novel coronavirus and a European patent for a vaccine, citing specific patent numbers.",0,FALSE
Video tries to show coronavirus is fake and not dangerous.,0,FALSE
Students in America have to repeat the same grade next year.,0,FALSE
Lemon juice and bicarbonate mixture prevents and cures COVID-19 in Israel.,0,FALSE
Coronavirus is caused by 5G.,0,FALSE
Says certain states are banning the sale of alcohol.,0,FALSE
“We inherited a broken test” for COVID-19.,0,FALSE
World Economic Forum is a √É‚Äôfascist cabal√É‚Äú manipulating coro,0,FALSE
Big Pharma is behind COVID-19 deaths.,0,FALSE
CBS aired wrong video footage of a coronavirus hospital.,0,FALSE
COVID-19 is a hoax or scapegoat for economic disaster.,1,FALSE
Taking a flu shot causes false positive results on COVID-19 tests.,0,FALSE
Says Nancy Pelosi√É‚Ä¢s √É‚Äôdaughter is on the board of the Kennedy Center so that√É‚Ä¢s why it was so important to send them all ,0,FALSE
Whether microwaving face masks sanitizes them.,0,FALSE
Did Kennedy Center give DNC $5 million after getting relief from coronavirus stimulus?,1,FALSE
COVID-19 not being blamed for deaths due to unrelated causes.,1,FALSE
"President Donald Trump claims he √É‚Äôdidn√É‚Ä¢t say that√É‚Äú some of the medical equipment that governors are requesting, they don√É‚Ä¢",0,FALSE
"CEOs got advance notice of COVID, then resigned to dump stock.",0,FALSE
“Queen Elizabeth tests positive for COVID-19.”,0,FALSE
Says COVID-19 remains in the air for eight hours and that everyone is now required to wear masks √É‚Äôeverywhe,1,FALSE
Says a √É‚Äô5G Law Passed while everyone was distracted√É‚Äú with the coronavirus pandemic and lists 20 symptoms associated with 5G e,0,FALSE
"Posts shared more than 20,000 times on Facebook feature a photo of a crying child and two others showing a woman and a man in hospital beds, claiming that the boy√É‚Ä¢s parents are infected with the novel coronav",0,FALSE
"Says for otherwise healthy people √É‚Äôexperiencing mild to moderate respiratory symptoms with or without a COVID-19 diagnosis √É‚Ä∞ only high temperatures kill a virus, so let your fever run high,√É‚Äú but not over 103 or 10",0,FALSE
Pictures and reports of √É‚Äôempty hospitals√É‚Äú prove COVID-19 spread is √É‚Äôfake crisis for real government plann,1,FALSE
Whether CDC had scheduled announcement that all should wear masks for everyday life.,1,FALSE
If Florida banned alcohol sales due to coronavirus.,1,FALSE
Posts on social media claim that a √É‚ÄôSpanish biological researcher√É‚Äú called on international soccer stars Cristiano Ronaldo and Lionel Messi to find a cure for COVID-19 since they earn much more money than sci,1,FALSE
"Boil weed and ginger for COVID-19 victims, and the virus will vanish.",0,FALSE
“They’re furloughing nurses in hospitals in western New York state.”,0,FALSE
Whether coronavirus began with man having sex with a bat.,0,FALSE
“Here’s the problem — we are testing people for any strain of a coronavirus — not specifically for COVID-19. There are no reliable tests for a specific COVID-19 virus.”,0,FALSE
Whether countries with high rates of childhood vaccines were hit hardest by coronavirus.,1,FALSE
NY banned cigarette sales because of the coronavirus.,1,FALSE
"Video of a waitress saying, √É‚ÄôI lost my job. But I√É‚Ä¢ll sleep better knowing√É‚Äú that the coronavirus relief bill included funding for the Kennedy Center, refugee resettlement, PBS, and congressio",0,FALSE
"“There was no effort” to get American experts into China after it announced the coronavirus, and “we had one person in-country (and Trump) pulled him out of the country.”",1,FALSE
If Queen Elizabeth II tested positive for coronavirus.,1,FALSE
Coronavirus has been found in crab legs.,0,FALSE
A video of body bags being dumped in a ditch shows the √É‚Äôsituation in Italy√É‚Äú due to the coro,0,FALSE
“Mainstream media” used a photo from a 2017 movie as an image for Italy’s coronavirus morgue.,0,FALSE
Biden claims that Trump did not try to get medical experts into China.,0,FALSE
Illuminati controlled U.S. government; coronavirus caused by 5G.,0,FALSE
President Trump did sign a 5G bill but exposure effects are misleading.,1,FALSE
Health care workers union √É‚Äôsuddenly finds a stash of 39 million face mas,0,FALSE
"Speaking of his restriction on travel from China, President Donald Trump claims",1,FALSE
Should you take Ibuprofen to treat a fever from the coronavirus?,0,FALSE
Posts on social media claim that no Democrats voted for the √É‚Äôthe stimulus package to help American families√É‚Äú during the novel coronavirus,1,FALSE
Ibuprofen ramps up coronavirus 10 times.,0,FALSE
A photo shows two Italian nurses in a hospital a few days before they got COVID-19 and died.,0,FALSE
Hospitals don√É‚Ä¢t allow parents to visit children with COVID-19 in the hospi,0,FALSE
Children will be separated from parents for coronavirus treatment.,1,FALSE
Congress included include a raise for themselves in the coronavirus stimulus package.,0,FALSE
Leave objects in the sun to avoid contracting the coronavirus.,0,FALSE
Nevada Governor Steve Sisolak √É‚Äôhas banned the use of an anti-malaria drug that might help cure coronavir,0,FALSE
"“if your child gets this virus, they’re going to the hospital alone in a van with people they don’t know, to be with people they don’t know. You will be at home without them in their time of need.”",0,FALSE
Tanks are coming into U.S. towns in advance for martial law,0,FALSE
A photo of a couple locked in an intimate embrace with their face masks lowered has been shared in Facebook posts that claim they were nurses who were treating COVID-19 patients in an Italian hospital.,0,FALSE
“COVID literally stands for Chinese Originated Viral Infectious Disease.”,1,FALSE
A post shared thousands of times on Facebook during the COVID-19 pandemic says disposable surgical masks should be worn √É‚Äôcolored side out√É‚Äú if a person ,0,FALSE
Facebook user Chase Michael Morris predicted coronavirus pandemic.,0,FALSE
[SARS-CoV-2] is spreading quickly from gas pumps. Shopping carts as well.,0,FALSE
"New York Governor Andrew Cuomo √É‚Äôrejected buying the recommended 16,000 ventilators in 2015 for a pandemic, and established death panels and lotteries instead. So he had a chance to buy, in 2015, 16,000 ventilators at a very low price, and he turned it do",0,FALSE
Trump web ad usings misleading edits to create a false picture.,1,FALSE
Facebook posts featuring a photo of ventilators in the U.S. state of New York claim the devices are √É‚Äôstuck in a warehou,0,FALSE
Wisconsin Governor Tony Evers is √É‚Äôpushing firearm confiscation orde,0,FALSE
There is no coronavirus. The Chinese were secretly working on a biological agent that was supposed to make protesters docile and obedient.,0,FALSE
"Says that under order from Gov. Tony Evers, he and his eight children can√É‚Ä¢t legally have dinner together anym",0,FALSE
Deaths blamed on coronavirus are actually due to the flu.,0,FALSE
Posts shared thousands of times on Facebook claim to provide an emergency food stamp hotline.,1,FALSE
Says Nancy Pelosi√É‚Ä¢s coronavirus bill includes √É‚Äôtax credits for solar and wind energy √É‚Ä∞ retirement plans for community newspaper employees √É‚Ä∞ $300 million for PBS √É‚Ä∞ climate chang,1,FALSE
The names of coronavirus victims have been published online in media.,1,FALSE
Posts shared thousands of times on Facebook claim to provide an emergency food stamp hotline.,1,FALSE
President Donald Trump will announce that a scientist √É‚Äôfinally found a vaccine to cure coronavir,1,FALSE
Gargling with warm water and salt or vinegar eliminates the coronavirus.,1,FALSE
Roche has developed a COVID-19 vaccine.,0,FALSE
“Special military helicopters will spray pesticide against the coronavirus in the skies all over the country.”,1,FALSE
A photo showing Uganda√É‚Ä¢s first case of COVID,1,FALSE
Getting a flu shot increases the risk of coronavirus by 36%.,0,FALSE
“Putin has stated,0,FALSE
Does vaping reduce your chances of getting the coronavirus?,1,FALSE
The CDC now says that the coronavirus can survive on surfaces for up to 17 days.,1,FALSE
Whether 60 Democrats voted against coronavirus stimulus bill.,0,FALSE
"Social media posts attribute a list of points about the novel coronavirus to Johns Hopkins, a leading source of information on the virus.",1,FALSE
“Slices of lemon in a cup of hot water can save your life. The hot lemon can kill the proliferation of” the novel coronavirus.,0,FALSE
“Donald Trump would receive $17 million for three hotels closed for four days under Republican bill! How in the hell is this right?!”,0,FALSE
Russian President Putin released 500 lions onto the streets to keep people indoors.,0,FALSE
Study suggests malaria drug can treat coronavirus.,0,FALSE
President Trump refers to the coronavirus as a hoax in an audio clip.,1,FALSE
An audio message lists five ways people can prevent the novel coronavirus.,0,FALSE
"“This lady here applied sanitizer to her hands/forearms and went to the kitchen to cook. The moment she turned on the gas stove, her hands caught fire due to the alcohol contained in the sanitizer.”",0,FALSE
"NY Governor Andrew Cuomo did not reject buying 16,000 ventilators in 2015.",0,FALSE
"Tom Hanks died, confessed admiration for Trump.",0,FALSE
"“Boil some orange peels with cayenne pepper, stand over the pot, breathe in the steam so all mucus can be released from your nasal passages … Mucus is the problem, it’s where the virus lives!”",1,FALSE
Helicopters Are Spraying Disinfectants To Try To Eradicate Coronavirus.,0,FALSE
Helicopters are spraying disinfectants to stop the spread of coronavirus.,0,FALSE
Initial lack of evidence for human-to-human COVID-19 transmission unusual.,0,FALSE
Drinking alcohol beverages can help prevent COVID-19.,1,FALSE
IPhoto shows people falling dead on Italian streets from COVID-19.,0,FALSE
Coronavirus is infectious in the air for 8 hours and everyone must wear a face mask.,0,FALSE
"Italian Prime Minister Giuseppe Conte said, √É‚ÄôWe have lost control, we have killed the epidemic physically and mentally. Can√É‚Ä¢t understand what more we can do, all solutions are exhausted on ground. Our only hope remains up in the sky. God, rescue your ",0,FALSE
Black people are immune to the coronavirus.,0,FALSE
Boiled orange peels with cayenne pepper are a cure for coronavirus.,0,FALSE
“Go to 2020census.gov and fill out this census form so you can get your stimulus check.”,0,FALSE
"“In Chicago, COVID-19 actually lowered the death rate.”",0,FALSE
COVID-19 stands for √É‚ÄôChinese Originated Viral Infectious Disea,1,FALSE
Coronavirus cases linked to 5G rollout.,0,FALSE
Photo shows coffins from coronavirus outbreak in Italy.,0,FALSE
"“If you are in Las Vegas and you get a knock on your door from NV Power, 2020 Census or CVD-19 testers, do not open your door. They are robbing people at gunpoint.”",0,FALSE
Biden campaign claims a top CDC official was √É‚Äôsilenc,0,FALSE
A post shared thousands of times on Facebook lists companies whose chief executive officers have allegedly stepped down during the novel coronavirus crisis.,0,FALSE
Quotes Joe Biden as saying √É‚Äôpeople who have never died before are now dying from coronavir,0,FALSE
A video from a British broadcaster shows Italian coronavirus victims got taken down.,0,FALSE
Fill out a 2020 U.S. Census form to receive an economic stimulus payment.,0,FALSE
Russia unleashed more than 500 lions on its streets to ensure that people are staying indoors during this pandemic outbreak.,1,FALSE
Bill Gates and the Vatican have a plan to depopulate the world with a coronavirus vaccine.,1,FALSE
US Homeland Security mobilizing National Guard to combat coronavirus.,0,FALSE
"Muammar Gaddafi predicted the current coronavirus pandemic, and warned it would be created by the same people who would then sell the √É‚Äôantidot",0,FALSE
Italy√É‚Ä¢s president was caught on camera crying over and regretting country√É‚Ä¢s coronavirus r,0,FALSE
Joe Biden tested positive for coronavirus.,0,FALSE
"There√É‚Ä¢s definitive proof that chloroquine, hydroxychloroquine, are effective against COVID",0,FALSE
Using sauna or aiming a hairdryer at one√É‚Ä¢s nose will kill the coronavi,0,FALSE
Belgium√É‚Ä¢s health minister banned sex inside or with 3 or more peo,0,FALSE
Says truck drivers are being turned away from fast-food restaurants during the COVID-19 pandemic.,0,FALSE
“Fish tank additive may treat coronavirus.”,0,FALSE
Fox News won Pulitzer for coronavirus coverage.,0,FALSE
“Wisconsin is the only state where all Republicans voted against protecting its citizens.”,1,FALSE
"The Coronavirus Aid, Relief, and Economic Security Act gives members of Congress a pay increase.",0,FALSE
Bill Gates has access to your DNA and ownership in WHO.,1,FALSE
Biden claims that Trump eliminated the White House pandemic office.,0,FALSE
"Donald Trump said about coronavirus, √É‚ÄôPeople are dying who have never died befo",1,FALSE
5G technology caused the coronavirus.,0,FALSE
WHO director overstated COVID-19 fatality rate as higher than flu.,1,FALSE
Claim that √É‚Äôthere is no√É‚Äú COVID-1,1,FALSE
"Says imposters in hazmat suits are going door to door in Stockton, California, saying they are checking residents for fever or COVID-19, but they √É‚Äôwill enter your home and physically attempt robbe",0,FALSE
Walmart is closing hundreds of its stores.,0,FALSE
Breathing air from a hair dryer or a sauna can prevent or cure COVID-19,0,FALSE
Cristiano Ronaldo bought private island to escape coronavirus.,0,FALSE
Trump said √É‚Äôpeople are dying who have never died befo,0,FALSE
Martial law is imminent in United States.,0,FALSE
Obama family flown to private island to escape coronavirus pandemic.,0,FALSE
"A video of US President Donald Trump and a top US pharmaceutical executive speaking at a press conference has been viewed thousands of times in multiple Facebook, Twitter and YouTube posts alongside a claim that it shows them announcing a vaccine for the novel coronavirus, COVID-19, was √É‚Äôready√É‚Äú to be admin",0,FALSE
"The federal government is √É‚Äôpreparing to mobilize the national guard,√É‚Äú √É‚Äôdispatch them across the US with military√É‚Äú and √É‚Äôannounce a nationwide 1 week quarantin",0,FALSE
Link takes viewers to application for FEMA assistance in the US.,0,FALSE
For coronavirus cases √É‚Äôin the U.S. 38% of those hospitalized are under ,1,FALSE
Image claims to show dozens of coffins of Italians who have died from COVID-19.,0,FALSE
“Huge! Results From Breaking Chloroquine Study Show 100% Cure Rate For Patients Infected With The coronavirus.”,0,FALSE
These at-home Coronavirus testing kits are real.,0,FALSE
"COVID-19 is no worse than other outbreaks that have occurred in √É‚Äôevery election year,√É‚Äú suggesting that the new coronavirus is being √É‚Äôhyped√É‚Äú to hurt Preside",1,FALSE
"President Donald Trump said, √É‚ÄôPeople are dying who have never died befo",0,FALSE
"As the US government moved to approve a $2 trillion stimulus package to address the impact of the novel coronavirus outbreak, a short block of text outlining Canada√É‚Ä¢s alleged response to the outbreak flourished on social me",0,FALSE
"The coronavirus √É‚Äôsnuck up on us,√É‚Äú adding that it is √É‚Äôa very unfore",0,FALSE
"If we want to protect ourselves from the coronavirus, we must back away from all the climate change efforts we√É‚Ä¢ve been mak",0,FALSE
Evidence shows the WHO director-general overstated COVID-19 fatality rate,1,FALSE
5G Technology believed to have caused the coronavirus.,1,FALSE
"2019 coronavirus can live for √É‚Äôup to 3 hours in the air, up to 4 hours on copper, up to 24 hours on cardboard up to 3 days on plastic and stainless ste",0,FALSE
Trump Is Promising To Send Americans Checks √É¬ê Only After Checking People√É‚Ä¢s Social Media H,1,FALSE
"“China is to blame because the culture where people eat bats and snakes and dogs and things like that, these viruses are transmitted from the animal to the people and that’s why China has been the source of a lot of these viruses like SARS, like MERS, the Swine Flu and now the coronavirus.”",0,FALSE
5G Technology Believed To Have Caused coronavirus,0,FALSE
Evidence Shows The WHO Director-General Overstated COVID-19 Fatality Rate,0,FALSE
American fast-food chain Hardee√É‚Ä¢s is advising truckers to walk up to drive-thrus during coronavirus pande,0,FALSE
U.S. government using the cover of the coronavirus pandemic to remove end-to-end encryption so officials would be able to listen to everyone√É‚Ä¢s calls and see everyone√É‚Ä¢s private m,0,FALSE
"President Donald Trump tweeted, √É‚ÄôI ordered the Treasury secretary to send checks to Americans! First however, we will go through your social media history from the last 4 years and search for any post with #NotMyPresident in it. I wouldn√É‚Ä¢t think of offending you with a check if I√É‚Ä¢m not your presi",1,FALSE
A dog vaccine can be used against coronavirus in people.,1,FALSE
President Trump√É‚Ä¢s use of data for deaths from swine flu and seasonal ,0,FALSE
Did Donald Trump attempt to steal a COVID-19 vaccine from a German company and refuse testing kits from WHO?,1,FALSE
15 minutes in a sauna will kill the coronavirus.,0,FALSE
“U.S. deaths since 1/22/20,0,FALSE
"“While all COVID-19 news has been going on, the U.S. government has been sneakily trying to remove end-to-end encryption” which means “the government will be able to see all of your messages and listen to all of your calls.”",0,FALSE
Eating bananas prevents coronavirus.,1,FALSE
Italy has mandated no treatment of all elderly patients for coronavirus.,0,FALSE
Having a beard increases your chances of getting coronavirus.,1,FALSE
All U.S. citizens are entitled to $700 per week to stay at home to avoid spread of coronavirus.,0,FALSE
The WHO coronavirus test √É‚Äôwas a bad te,1,FALSE
List comparing diseases with coronavirus.,1,FALSE
“People are going door to door in Colorado Springs stating they are COVID-19 testing so they can rob people!”,0,FALSE
COVID-19 is a scripted narrative to justify closed borders or force residents to remain home.,0,FALSE
U.S. President Donald Trump or presidential candidate Joe Biden referred to the novel coronavirus pandemic as a time when √É‚Äôpeople are dying that have never died befo,0,FALSE
"In the United States, WIC receivers still only get one type of food during a pandemic.",0,FALSE
Nancy Pelosi tried to secure taxpayer funds for abortion through a coronavirus bill.,0,FALSE
"“All U.S. citizens are entitled to $700 USD per week to stay at home to avoid the spread of COVID-19 novel coronavirus, starting 3/17/20.”",0,FALSE
A flyer offers official advice about the novel coronavirus from a Veterans Affairs (VA) healthcare system in the U.S. state of Oregon.,0,FALSE
"“I’ve always known this is a real, this is a pandemic. I’ve felt it was a pandemic long before it was called a pandemic.”",0,FALSE
President Donald Trump in the next 48 to 72 hours will impose a nationwide √É‚Äômandatory quaranti,1,FALSE
Coronavirus Outbreak Prompted Gun And Ammunition Policy Changes At Walmart.,0,FALSE
Tanker train marked with √É‚ÄôCOVID-19√É‚Äú on i,0,FALSE
A military Humvee labeled √É‚ÄôCOVID-19 quarantine team√É‚Äú was on Interstate 696 in M,1,FALSE
Gargling water with salt or vinegar √É‚Äôeliminates√É‚Äú the coro,1,FALSE
CDC warns people that morel mushroom increases coronavirus risk by 200%.,0,FALSE
"Flu vaccine increases coronavirus risk 36%, says military study.",0,FALSE
The government is closing businesses to stop the spread of coronavirus even though √É‚Äôthe numbers are nothing compared to H1N1 or Ebola. Everyone needs to realize our government is up to somethin,1,FALSE
President Donald Trump is √É‚Äôannouncing tomorrow that the U.S. is going into quarantine for the next 14 da,0,FALSE
Photos show animals returning to clear Venice canals.,1,FALSE
President Donald Trump √É‚Äôwill evoke (sic) what is called the Stafford act√É‚Äú and √É‚Äôorder a two week mandatory quarantine for ,0,FALSE
"“Now, as it stands, our health care system has adequate ventilators, ICU beds, medical professionals.”",1,FALSE
“Sunlight actually can kill the [novel coronavirus].”,1,FALSE
All baby formula providers are shipping formula for free during the coronavirus outbreak.,0,FALSE
Claim that Dr. Anthony Fauci√É‚Ä¢s statement that the coronavirus death rate is 10 times that of the seasonal flu is √É‚Äôa claim without any scientific,1,FALSE
No evidence that 5G is being forcibly installed in schools.,0,FALSE
Dallas student celebrating spring break collapses from coronavirus.,0,FALSE
Coronavirus is the least deadly virus.,0,FALSE
Cristiano Ronaldo is turning his hotels into hospitals to fight coronavirus.,0,FALSE
WalMart reducing hours of operation.,0,FALSE
The WHO offered the testing kits that they have available and to give it to us now. We refused them. We did not want to buy them.√,0,FALSE
Says businesses will give you free baby formula during the coronavirus outbreak.,1,FALSE
"“George Soros owns the WuXi PHARMA LAB located in Wuhan, China, where COVID-19 was developed and conveniently broke out.”",1,FALSE
Did genetic mutations cause the coronavirus to become more dangerous.,1,FALSE
"President Donald Trump √É‚Äôcut funding to the CDC,√É‚Äú √É‚Äôfired the Pandemic Response Team,√É‚Äú √É‚Äôrefused WHO tests√É‚Äú and √É‚Äôwasted two weeks calling this ",0,FALSE
"A meme shows an image of fully stocked shelves of toilet paper, purportedly during the 2009 H1N1 outbreak, above barren shelves during the ongoing COVID-19 pandemic.",0,FALSE
Coronavirus is just √É‚Äôthe damn f,1,FALSE
A video viewed more than 2.4 million times on Facebook urges people to inhale steam to √É‚Äôkill√É‚Äú the novel coro,0,FALSE
The novel coronavirus is not new.,0,FALSE
“COVID-19 started because we eat animals.”,1,FALSE
"A meme posted offers mixed advice √É‚Äò some true, some false √É‚Äò about coronavirus pro",0,FALSE
"“So Oscar Health, the company tapped by Trump to profit from covid tests, is a Kushner company. Imagine that, profits over national safety.”",1,FALSE
“Bill Gates told us about the coronavirus in 2015.”,0,FALSE
"Says that √É‚Äôover a 45-minute period that we had the press conference√É‚Äú on the coronavirus on March 13, 2020, the stock market set √É‚Äôan all-t",0,FALSE
Curfew issued for Bossier city due to coronavirus.,1,FALSE
CEO Resignations Are Linked To Global Conspiracy.,1,FALSE
Coronavirus is found in crab legs.,0,FALSE
Military on streets of Philadelphia preparing to invoke martial law and bring citizens to FEMA camps.,0,FALSE
A post shows a rail freight tanker with √É‚ÄôCOVID-19√É‚Äú stamped on o,1,FALSE
“Italy has decided not to treat their elderly for this virus.”,0,FALSE
LGBTQ people in the US are demanding to be treated first for coronavirus.,0,FALSE
Says The New York Times exposed the √É‚Äôreal reason behind coronavirus ,0,FALSE
The coronavirus scare began after impeachment.,0,FALSE
“It’s actually the safest time to fly.”,1,FALSE
Supermarkets are recalling coronavirus-infected toilet paper.,0,FALSE
Man did pass along coronavirus infection at a WalMart in Louisiana.,0,FALSE
In South Florida √É‚Äôall children and adults must remain in their homes√É‚Äú due to coro,0,FALSE
NYC did implement a citywide quarantine.,0,FALSE
"A post shared more than 165,000 times on Facebook includes a video of a woman turning a baby wipe into a face mask to √É‚Äôprotect against coronavir",0,FALSE
Drinking √É‚Äôwater a lot and gargling with warm water and salt or vinegar eliminates√É‚Äú the coro,0,FALSE
"""President Trump, COVID-19 coronavirus: U.S. cases 1,329; U.S. deaths, 38; panic level: mass hysteria. President Obama, H1N1 virus: U.S. cases, 60.8 million; U.S. deaths, 12,469; panic level: totally chill. Do you all see how the media can manipulate your life.""",0,FALSE
"A misleading chart being spread on Facebook, erroneously dubbing the new coronavirus the √É‚Äôleast deadly vir",0,FALSE
The U.S. presidential election is canceled due to coronavirus.,0,FALSE
Of the Trump administration√É‚Ä¢s European travel restrictions that exempt the ,1,FALSE
Australian hospital staff rolled in a Wilson volleyball to keep Tom Hanks company in quarantine.,1,FALSE
A former and controversial CIA officer said coronavirus was made in a lab.,0,FALSE
"If you donate blood, √É‚Äôthey HAVE to test you√É‚Äú for coro",1,FALSE
"“During the 2009 swine flu outbreak, Biden made reckless comments unsupported by science & the experts. The Obama Admin had to clean up his mess & apologize for his ineptitude.”",0,FALSE
"Donald Trump claims Joe Biden √É‚Äôwas in charge of the H1N1 Swine Flu epidemic which killed thousands of people. The response was one of the worst on record. Our response is one of the best, with fast action of border closings and a 78% approval rating, the highest on record. His was lowe",1,FALSE
Says Nancy Pelosi was √É‚Äôcaught trying to include abortion funding in bill to combat coronavir,0,FALSE
"In 2007, √É‚ÄôThe Simpsons√É‚Äú predicted Tom Hanks would contract coronavirus ",0,FALSE
“The CDC can detain anyone with a fever indefinitely. Vaccination (is) a way people could get out of detention.”,1,FALSE
Says Tom Hanks has a volleyball to keep him company while he√É‚Ä¢s quaranti,0,FALSE
COVID-19 came to the United States in 2019.,0,FALSE
“MSNBC actually said on air ‘I hope enough people die from coronavirus that it harms Trump’s re-election.’”,0,FALSE
“NYC man drops dead in middle of street — suspected coronavirus!”,0,FALSE
The health insurance industry has √É‚Äôagreed to waive all co-payments for coronavirus treatmen,0,FALSE
Coronavirus found in toilet paper.,0,FALSE
Gargling salt water and vinegar will kill the virus.,0,FALSE
You can monitor yourself for COVID-19 with a breath test.,0,FALSE
Tweet says Daniel Radcliffe has the coronavirus.,1,FALSE
Post says Harvard scientists say the coronavirus is √É‚Äôspreading so fast that it will infect 70% of humanity this ye,0,FALSE
Every U.S. election year has a disease outbreak.,0,FALSE
"10,000 deaths In virus outbreak in Michigan, Washington, Idaho, North Dakota, Missouri, Mississippi.",0,FALSE
Post says √É‚ÄôPresident Trump has come into contact with a potential coronavirus suffer,0,FALSE
Donating blood in the U.S. can get you a novel coronavirus test.,0,FALSE
Says 80% of novel coronavirus cases are √É‚Äômi,0,FALSE
Post says √É‚Äôbeing exposed to the sun for two hours√É‚Äú kills the 2019 coro,0,FALSE
Freshly boiled garlic water is a cure for coronavirus.,0,FALSE
Department of Homeland Security official says illegal border crossings may spread coronavirus.,0,FALSE
A NYC Man With Suspected Coronavirus Drops Dead in the Middle of the Street.,1,FALSE
Hand sanitizer will √É‚Äôdo nothing for the coronavir,0,FALSE
“(Former U.S. President Barack Obama) set up anti-pandemic programs in 47 vulnerable countries as a way to protect against something like the coronavirus. Do you know that Trump closed 37 of them?”,1,FALSE
“Coronavirus — 22. Clintons — 39.”,0,FALSE
States are imposing mandatory leave and statewise school closures due to coronavirus.,0,FALSE
"A Facebook post shared 25,000 times features an image of a letter purportedly from a U.S. hospital recommending people drink alcohol to help reduce the risks of novel coronavirus infection.",1,FALSE
Consuming colloidal silver can prevent or treat novel coronavirus.,0,FALSE
"U.S. hospitals are preparing for 96 million coronavirus infections and nearly half a million deaths, leaked documents reveal.",1,FALSE
“More people have died from knowing Hillary (Clinton)” than from coronavirus.,0,FALSE
"As of 3/7/20, Tanzania and Zambia had confirmed fist cases of the new coronavirus.",0,FALSE
Vietnam was the first country to contain and develop a quick test for SARS and COVID-19.,0,FALSE
Bloggers say Nancy Pelosi delayed coronavirus funding so √É‚ÄôDems could campaign on ,0,FALSE
The mayor Of Buffalo told people to evacuate due to the coronavirus outbreak.,0,FALSE
CDC sponsored Facebook post asking for help with √É‚Äôescaped√É‚Äú coronavirus ,0,FALSE
"If the coronavirus gets in your mouth, √É‚Äôdrinking water or other liquids will wash them down through your esophagus and into the stomach. Once there, your stomach acid will kill all of the vir",0,FALSE
“Anybody that wants a test (for the coronavirus) can get a test.”,0,FALSE
Donating plasma or blood is free testing for the coronavirus.,0,FALSE
Novel coronavirus has a 99.7% survival rate.,0,FALSE
"The coronavirus test costs $3,200.",1,FALSE
Every election year has a disease; coronavirus has a contagion factor of 2 and a cure rate of 99.7% for those under 50 it infects.,0,FALSE
"President Donald Trump tweeted, √É‚ÄôCoronavirus vaccine from Israel! Stock market up! Economy even stronger now! Besides US, Israel best at invent",1,FALSE
The coronavirus outbreak is caused by 5G technology.,1,FALSE
Shanghai government officially recommends Vitamin C for COVID-19.,1,FALSE
Officials say coronavirus killed 200 in Iran.,1,FALSE
"“Man visited Albany, N.Y., days before dying from coronavirus.”",0,FALSE
Trump√É‚Ä¢s effort to blame Obama for sluggish coronavirus test,0,FALSE
"“The State of Florida has announced measures that all workplaces with 10 employees or more are to have paid mandatory leave to avoid the spread of COVID-19 coronavirus starting on March 6, 2020. All schools are to close for 2 weeks also from March 6.”",0,FALSE
The common cold is the only type of coronavirus.,0,FALSE
The media √É‚Äôpulled down an entire shelf of goods so that they can present the news of people buying stuff in a hysteria over the coronavir,0,FALSE
“The Obama administration made a decision on testing that turned out to be very detrimental to what we’re doing” on the coronavirus.,0,FALSE
The Obama administration √É‚Äôdidn√É‚Ä¢t do anything about√É‚Ä,1,FALSE
"“With regard to the cost, let me be very clear",0,FALSE
Patents mean deadly diseases and viruses were created or invented in a lab.,0,FALSE
Ads are selling masks protecting against COVID-19.,0,FALSE
Bloggers say the Vatican reports that Pope Francis tested negative for the coronavirus before a second test came back positive.,0,FALSE
Video shows President Donald Trump saying COVID-19 is the Democrats√É‚Ä¢ √É‚Äône,1,FALSE
An image shows Senate Minority Leader Chuck Schumer criticizing President Trump√É‚Ä¢s restrictions on foreign nationals traveling to the U.S. from Ch,0,FALSE
The government √É‚Äò or specific states such as Michigan or Florida √É‚Äò has mandated that employers and schools close for tw,0,FALSE
Pope Francis and his two aides have been infected with the new coronavirus,0,FALSE
A bovine vaccine can be used to inoculate people against coronavirus.,0,FALSE
The United States is √É‚Äôactually screening fewer people (for the coronavirus than other countries) because we don√É‚Ä¢t have appropriate t,0,FALSE
U.S. Vice President Pence urged people with coronavirus to go to the police.,0,FALSE
U.S. Senator Lindsey Graham says President Trump √É‚Äôprobably knows more about medicine and specifically viruses than any of the so-called scientists at the NIH and C,0,FALSE
Post says √É‚Äôsanitizer will do nothing for the coronavir,0,FALSE
"A bovine coronavirus vaccine, for cattle, is proof that the novel coronavirus isn√É‚Ä¢t √É‚Äônew√É‚Äú and is evidence of √É‚Äôhow much the media c",1,FALSE
Journalist claims a coronavirus patient was murdered.,0,FALSE
“Coronavirus hoax,0,FALSE
"Post says two patients at Valley Regional Medical Center in Brownsville, Texas, √É‚Äôare being looked at√É‚Äú for possible coronavirus inf",0,FALSE
“Florida hospital reports a coronavirus ‘infestation’ with multiple confirmed patients.”,1,FALSE
Photo shows a man wearing a √É‚Äôgovernment issued Saint Laurent hazardous materials su,1,FALSE
"“Shands Hospital of Gainesville, Florida, has confirmed its first case of coronavirus.”",0,FALSE
Pope Francis and two aides tested positive for coronavirus.,0,FALSE
Post says no one has died from the coronavirus in the United States.,0,FALSE
The coronavirus is √É‚Äôsimply the common co,0,FALSE
President Barack Obama √É‚Äôwaited six months to call swine flu an emergency after thousands di,1,FALSE
A video says the Vatican confirmed Pope Francis and two aides tested positive for coronavirus.,0,FALSE
CDC recommends men shave their beards to be protected against the new coronavirus.,0,FALSE
"14 points of expert advice about coronavirus, including symptoms, prevention and how it spreads.",0,FALSE
Doctors recommend carbon filter face masks to prevent coronavirus spread.,0,FALSE
A √É‚Äôpoll finds 38% of Americans say they will not drink Corona beer because of the vir,0,FALSE
“Every election year has a disease” — SARS in 2004; avian flu in 2008; swine flu in 2010; MERS in 2012; Ebola in 2014 and 2018; Zika in 2016 and the coronavirus in 2020.,0,FALSE
Election years in the United States coincide with major disease outbreaks.,0,FALSE
"“The coronavirus has made it to Mississippi and the lady that caught it wasn’t around anybody with it, which means it is airborne. If the wind blows it in your direction, you’ll have it also.”",0,FALSE
Florida man is arrested for robbery using cough as a weapon.,1,FALSE
"“‘Akira’ is a 1988 movie about an apocalyptic event taking place months before Tokyo 2020 Olympics, showing the WHO advising Japan to postpone the Olympics because of a pandemic risk.”",0,FALSE
"“The blood test for coronavirus costs $3,200.”",0,FALSE
"”America has been vaccinating cattle for coronavirus for years, yet the news tells you it’s new and going to kill you all, so go buy a mask.”",0,FALSE
Lysol products can kill the novel coronavirus.,0,FALSE
"Starting in March, if you travel outside of the United States you won√É‚Ä¢t be allowed back in the country √É‚Äôdue to high risk of the coron",0,FALSE
Hair Weaves And Lace Front Wigs Made In China Likely To Contain coronavirus.,0,FALSE
Cocaine kills the coronavirus.,0,FALSE
“Hair weave and lace fronts manufactured in China may contain the coronavirus.”,0,FALSE
The CDC recommends men shave their beards to protect against coronavirus.,0,FALSE
CDC issued facial hair recommendation for novel coronavirus prevention.,0,FALSE
A post says √É‚Äôhair weave and lace fronts manufactured in China may contain the coronavir,1,FALSE
A post say √É‚Äôhair weave and lace fronts manufactured in China may contain the coronavir,0,FALSE
“Coronavirus,0,FALSE
Coronavirus is a bioweapon leaked from a Wuhan lab.,0,FALSE
President Trump claims the virus is under control and testing is available.,0,FALSE
Coronavirus patients are being √É‚Äôcremated alive√É‚Äú i,0,FALSE
"Evidence indicates COVID-19 escaped a Chinese lab that was researching it, causing the outbreak.",0,FALSE
The mortality rate for the flu is √É‚Äôright around√É‚Äú that of the new cor,0,FALSE
Radio host Rush Limbaugh compares novel coronavirus to √É‚Äôthe common co,0,FALSE
"“The coronavirus is the common cold, folks.”",0,FALSE
Video says President Donald Trump spawned the √É‚ÄôWuhan super virus outbreak under code name √É‚Äù,1,FALSE
Bill Gates wrote a letter saying COVID-19 is teaching humans a lesson.,0,FALSE
Post says √É‚Äôpeople of color may be immune to the coronavirus because of melan,0,FALSE
"20 million Chinese convert to Islam, and coronavirus does not affect Muslims.",0,FALSE
The Simpsons predicted the new coronavirus outbreak.,0,FALSE
A video says √É‚Äôthe coronavirus was invented and patented in the USA and then planted in Chi,0,FALSE
Coronavirus is a biological warfare weapon.,0,FALSE
Studies show the coronavirus was engineered to be a bioweapon.,0,FALSE
The 2008 book √É‚ÄôEnd of Days√É‚Äú predicted the current coronavirus o,0,FALSE
20 million Chinese people converted to Islam after it was proven that the coronavirus does not affect Muslims.,0,FALSE
Data shows a massive release of sulfur dioxide gas near Wuhan.,0,FALSE
Popping bubble wrap exposes people to coronavirus.,0,FALSE
Cocaine kills the coronavirus.,0,FALSE
Latest research by Chinese scientists said coronavirus will render most male patients infertile.,0,FALSE
High levels of sulfur dioxide in Wuhan √É‚Äômay be a sign of mass cremations of victims of the coronavir,0,FALSE
A residential building was set on fire in Wuhan to control spread of coronavirus.,0,FALSE
High-rise buildings have become human incinerators to combat the spread of the coronavirus.,0,FALSE
Silver Solution used on strains of coronavirus √É‚Äôtotally eliminates it. Kills it. Deactivates ,1,FALSE
"The coronavirus pandemic can be dramatically slowed, or stopped, with the immediate widespread use of high doses of vitamin C.",0,FALSE
"The coronavirus pandemic can be dramatically slowed, or stopped, with the immediate widespread use of high doses of vitamin C.",0,FALSE
"Coronavirus cases reported in Rome, Georgia.",0,FALSE
“Breaking,0,FALSE
The new coronavirus √É‚Äôcauses sudden death syndro,0,FALSE
Vitamin C stops or slows novel coronavirus.,0,FALSE
"The novel coronavirus contains √É‚ÄôpShuttle-SN√É‚Äú sequence, proving laboratory",0,FALSE
Video from China shows people fleeing from coronavirus quarantine.,1,FALSE
“The coronavirus was engineered by scientists in a lab.”,0,FALSE
Scientists √É‚Äôare shocked to discover that weed kills coronavir,1,FALSE
“You’re more likely to die of influenza right now” than the 2019 coronavirus.,0,FALSE
Coronavirus contains √É‚ÄôHIV insertio,0,FALSE
"Chlorine dioxide kits sold online under various √É‚ÄôMMS√É‚Äú names √É‚Äò Miracle Mineral Solution, Miracle Mineral Supplement, Master Mineral Solution √É‚Äò will cure ",0,FALSE
The new coronavirus contains HIV √É‚Äôinsertions√É‚Äú and shows signs of being created i,1,FALSE
The new coronavirus can be cured by drinking one bowl of freshly boiled garlic water.,0,FALSE
Bill Gates helped fund a patent for coronavirus.,0,FALSE
Scientists from Australia create the first vaccine for novel coronavirus,1,FALSE
Vitamin C can √É‚Äôstop√É‚Äú the new coro,0,FALSE
Scientists claim the Wuhan coronavirus is an HIV-1 engineered √É‚Äôsuper weap,1,FALSE
"“When using a medical mask, you’re supposed to wear the white side out when you’re not sick.”",1,FALSE
The coronavirus is √É‚Äôa military bio-weapon developed by China√É‚Ä¢,0,FALSE
"Charles Lieber, a Harvard University professor who was arrested, had a connection to the new coronavirus.",0,FALSE
The novel coronavirus is not a new virus.,0,FALSE
The coronavirus isn√É‚Ä¢t new because √É‚ÄôLysol has it listed as one of the viruses it,0,FALSE
"The coronavirus was called a √É‚Äôplague√É‚Äú by the WHO; 2.9 million were infected and 950,6",1,FALSE
"“Cocaine kills coronavirus, scientists are shocked to discover that this drug can fight the virus.”",0,FALSE
Coronavirus hits a 15% fatality rate.,0,FALSE
Romania developed a coronavirus vaccine able to cure white people only.,0,FALSE
Coronavirus is in Des Moines. (Jan. 29),0,FALSE
"Scripps urgent care in San Diego is on lockdown, two people with the new coronavirus are isolated.",0,FALSE
“Clorox bottle claimed it could kill (the 2019 coronavirus)… before it was developed.”,0,FALSE
Drinking a bleach solution will prevent you from getting the coronavirus.,0,FALSE
KNUST students discover vaccine for coronavirus and cure patient in C√¢‚Äû¬¢te d√É,0,FALSE
“Bill and Melinda gates Foundation & others predicted up to 65 million deaths via coronavirus – in simulation ran 3 months ago”,0,FALSE
The coronavirus can be slowed or stopped with the √É‚Äôimmediate widespread use of high doses of vitamin,0,FALSE
The coronavirus can be slowed or stopped with the √É‚Äôimmediate widespread use of high doses of vitamin,1,FALSE
"10,000 people have died in Wuhan, China.",1,FALSE
"An explosion that occurred in Wuhan, China, is tied to the coronavirus outbreak.",0,FALSE
A √É‚ÄôChinese spy team√É‚Äú working in a Canadian government lab sent √É‚Äôpathogens to the Wuhan facility√É‚Äú prior to the coron,0,FALSE
China √É‚Äôstole coronavirus from Canada and weaponized it into a Bioweap,0,FALSE
The Chinese Communist Party √É‚Äôwill finally admit that the real source of the coronavirus is from √É‚Äùa lab in Wuhan√É‚Ä¢ linked to its covert biological weapo,0,FALSE
“In ‘Resident Evil’ the Umbrella Corporation releases a virus that infects the people of Raccoon City. A biological research lab with the exact same logo as the Umbrella Corporation can be found in the city where the coronavirus outbreak originated.”,1,FALSE
A post says the coronavirus can be slowed or stopped with the √É‚Äôimmediate widespread use of high doses of vitamin,0,FALSE
Event 201 √É‚Äôgave out stuffed souvenir coronavirus toys√É‚Äú to √É‚Äôcommemorate√É‚Äú novel coron,0,FALSE
"10,000 people have died in Wuhan, China.",0,FALSE
A post says the coronavirus can be slowed or stopped with the √É‚Äôimmediate widespread use of high doses of vitamin,0,FALSE
A spray could protect against the coronavirus outbreak.,0,FALSE
Authorities have identified that the international chemical-warfare terrorist √É‚ÄùSamuel Whitcomb Hyde√É‚Ä¢ is behind the deadly China √É‚Äùco,0,FALSE
A tabletop exercise using a model of the current outbreak √É‚Äôpredicted√É‚Äú 65 million people could die from the coro,0,FALSE
"“The new fad disease called the ‘coronavirus’ is sweeping headlines. Funny enough, there was a patent for the coronavirus was filed in 2015 and granted in 2018.”",0,FALSE
“So let me get this straight about this virus. It’s ‘new’ yet it was lab created and patented in 2015 (in development since 03’).”,1,FALSE
A 2015 research article about a lab-made coronavirus referred to the current outbreak.,0,FALSE
“So let me get this straight about this virus. It’s “new” yet it was lab created and patented in 2015 (in development since 03’).”,1,FALSE
“So let me get this straight about this virus. It’s “new” yet it was lab created and patented in 2015 (in development since 03’).,1,FALSE
"That the China-centered coronavirus had infected 2.8 million people and killed 112,000.",1,FALSE
“[The coronavirus is] ‘new’ yet it was lab-created and patented in 2015”.,0,FALSE
“There’s magically already a vaccine available.”,0,FALSE
“There’s magically already a vaccine available.”,0,FALSE
"“A patent on this ‘new’ coronavirus expired on the 22nd (of January), today”.",0,FALSE
“There’s magically already a vaccine available.”,0,FALSE
"Elisa Granato, the first volunteer in the first Europe human trial of a COVID-19 vaccine, has died.",0,FALSE
US President Donald Trump has suggested studying the injection of disinfectant as a COVID-19 treatment.,0,FALSE
The April 22 jump in COVID-19 cases in the United States was related to the election.,0,FALSE
A video posted on Facebook claiming that chloroquine and azithromycin are proven cures of COVID-19,1,FALSE
"Trey Gowdy said, √¢‚Ç¨≈ìI√¢‚Ç¨‚Ñ¢m not saying COVID-19 isn√¢‚Ç¨‚Ñ¢t real√¢‚Ç¨¬¶. But pay attention folks, there√¢‚Ç¨‚Ñ¢s much more going ",1,FALSE
A Pentagon study found that people who get the flu vaccine are 36% more likely to get COVID-19.,0,FALSE
?rump said ?undreds?of governors are calling him? we only have 50.?,0,FALSE
A √¢‚Ç¨≈ìface mask exempt card√¢‚Ç¨¬ù shared on social media invokes the Americans with Disabilities Act and claims to excuse people from wearing,0,FALSE
A test on video with a gas detector shows that face masks result in dangerous oxygen levels for the wearer.,0,FALSE
A painting depicting children in face masks was created as a mural for the Denver airport in 1994 proving the COVID-19 pandemic was planned.,1,FALSE
According to Bill Gates the COVID-19 RNA vaccine will permanently alter our DNA. RNA vaccines can also cause autoimmunity.,1,FALSE
Meme shows Florida Surgeon General saying: Everyone should STOP wearing masks as they have now been found to be harmful to your health.,0,FALSE
Alexandria Ocasio-Cortez tweeted √¢‚Ç¨≈ìIt√¢‚Ç¨‚Ñ¢s vital that Governors maintain restrictions on businesses until after the November Elections because economic recovery will help Trump be re-elected. A few business closures or job losses is a small price to pay to be free from his presidency. #K,0,FALSE
COVID-19 cases are √¢‚Ç¨≈ìup only because of our big number testing√¢‚Ç¨¬ù in the Un,1,FALSE
If you are licensed to carry a concealed weapon wearing a face covering for coronavirus √¢‚Ç¨≈ìremoves your conceal carry abi,0,FALSE
Claim that Rep. Alexandria Ocasio-Cortez tweeted that U.S. governors should extend COVID-19 restrictions on businesses √¢‚Ç¨≈ìuntil after the November Elect,0,FALSE
In North Carolina √¢‚Ç¨≈ìyou can be charged with a class H felony for wearing a mask and concealed carr,0,FALSE
A √¢‚Ç¨≈ìface mask exempt card√¢‚Ç¨¬ù allows you to cite the ADA and not ,0,FALSE
A scientific study shows that cannabis is more effective at preventing and treating COVID-19 than hydroxychloroquine.,0,FALSE
A short portion of an interview given by discredited researcher Judy Mikovits in which she claims that a vaccine for COVID-19 will be deadly warns against immunization and advocates for a five-year moratorium to test all vaccines has been watched tens of thousands of times on YouTube and Facebook.,0,FALSE
Social media posts shared thousands of times in the United States contain multiple false or misleading claims about face masks used to stop the spread of COVID-19,1,FALSE
Joe Biden and the Democrats want to prosecute Americans for going to church but not for burning a church.,0,FALSE
The U.S. Occupational Safety and Health Administration (OSHA) says masks don√¢‚Ç¨‚Ñ¢t work and violate OSHA oxygen ,0,FALSE
Gov. Gavin Newsom √¢‚Ç¨≈ìhas no legal authority√¢‚Ç¨¬ù to make wearing face coverings mandatory in,1,FALSE
President Trump√¢‚Ç¨‚Ñ¢s claim that he inherited no ventilators from the Obama administ,0,FALSE
OSHA says masks dont work to reduce COVID-19 transmission and violate OSHA oxygen levels.,0,FALSE
Bill Gates who has led harmful vaccination campaigns in developing countries now plans to use COVID-19 vaccines to surveil the population.,0,FALSE
If we stopped testing right now wed have very few cases if any.,1,FALSE
News stories referencing the number √¢‚Ç¨≈ì322√¢‚Ç¨¬ù and COVID-19 are proof cases tolls are being √¢‚,0,FALSE
In a very real sense (Oklahoma has) flattened the curve. & The number of cases in Oklahoma  its declined precipitously.,0,FALSE
FREE HORSES!!!! 52 thoroughbred horses need homes. Will go to Sugarcreek this Sat. for slaughter. Gentleman died due to COVID-19 and his son wants nothing to do with them.,0,FALSE
George Floyds murder filmed before COVID-19.,0,FALSE
Six months before the COVID plandemic Bill Gates had negotiated a $100 billion contact tracing deal with (the) Democratic congressman sponsor of bill.,0,FALSE
Gov. of Wisconsin Tony Evers √¢‚Ç¨≈ìremoved the American flag from the Capitol buil,0,FALSE
Corona Virus claims a black belt. Chuck Norris Dead at 80.,0,FALSE
The biological lab in Wuhan where the COVID-19 virus was created was funded by President Barak Hussein Obama in 2015 to the tune of $3800000 American dollars.,0,FALSE
A Facebook post shared more than 25000 times says face masks should only be worn by medical professionals or people who have become ill during the coronavirus pandemic.,1,FALSE
Claim that Sarah Huckabee Sanders tweeted √¢‚Ç¨≈ìIt√¢‚Ç¨‚Ñ¢s √¢‚Ç¨Àúodd√¢‚Ç¨‚Ñ¢ that the ANTIFA insurgency happened just as COVID-19 loses steam It√¢‚Ç¨‚Ñ¢s √¢‚Ç¨Àúodd√¢‚Ç¨‚Ñ¢ that COVID-19 happened the moment impeachment failed. It√¢‚Ç¨‚Ñ¢s √¢‚Ç¨Àúodd√¢‚Ç¨‚Ñ¢ that impeachment happened the moment Russian hoax failed. Th,0,FALSE
The CDC just confirmed a 0.2% death-rate for COVID19.,0,FALSE
CNBC reported that √¢‚Ç¨≈ìCoronavirus patients without symptoms aren√¢‚Ç¨‚Ñ¢t driving the spread of the virus√¢‚Ç¨¬ù based on remarks by a WHO official at a press brief,1,FALSE
Wearing masks for the coronavirus √¢‚Ç¨≈ìdecreases oxygen intake increases toxin inhalation shuts down immune system increases virus risk scientifically inaccurate effectiveness not stu,0,FALSE
The WHO stated that asymptomatic spread of COVID-19 is √¢‚Ç¨≈ìvery rare√¢‚Ç¨¬ù therefore physical distancing and face masks are no,1,FALSE
A Colorado bill is √¢‚Ç¨≈ìremoving exemptions√¢‚Ç¨¬ù for parents who don√¢‚Ç¨‚Ñ¢t want to vaccinate their children in orde,0,FALSE
Facebook posts shared thousands of times claim the coronavirus pandemic is a cover for a Gates Foundation-funded effort to implant microchips when patients√¢‚Ç¨‚Ñ¢ noses or throats are swabbed during COVID-19 t,0,FALSE
N95 masks block few if any COVID-19 particles due to their size.,1,FALSE
Bill Gates√¢‚Ç¨‚Ñ¢ coronavirus vaccine developed by Oxford researchers caused all test subjects to get coron,0,FALSE
A meme shared thousands of times on Facebook claims people can suffer from reduced oxygen to their blood and brain possibly leading to death if they wear a disposable mask for too long.,0,FALSE
A report drafted by a scientific panel appointed by Germany√¢‚Ç¨‚Ñ¢s Interior Ministry declaring the COVID-19 pandemic is a √¢‚Ç¨≈ìglobal false alarm√¢‚Ç¨¬ù was leaked by,0,FALSE
Shes just casually carrying a body with 1 hand..? Sure.. More evidence of coronavirus being a complete hoax with props & street theater.,0,FALSE
A video has been shared thousands of times on social media claiming that circuit boards with √¢‚Ç¨≈ìCOV-19√¢‚Ç¨¬ù inscribed on them are being fitted t,0,FALSE
How many of you are aware that the female governor of Michigan is the niece of George Soros?,0,FALSE
Wearing a face mask caused a 19-year-old grocery store worker to be hospitalized for an lung infection due to breathing in her own carbon dioxide and bacteria.,0,FALSE
A study by Bartomeu Payeras i Cifre shows a direct correlation between 5G networks and COVID-19 outbreaks and √¢‚Ç¨≈ìdemonstrates clearly the most likely probability that the COVID-19 hypoxic injuries and hospital admissions are directly related to electromagnetic radiation exposure by 5G netw,1,FALSE
According to the CDC so far this year Florida has had 1762 deaths from COVID-19 and 5185 from pneumonia. Average pneumonia deaths in Florida from 2013-2018 for the same time period are 918.,1,FALSE
Were down near the low end of per capita deaths & Most places are at 60 deaths per 100000. Were at 29.,0,FALSE
Says the state √¢‚Ç¨≈ìhealth secretary says don√¢‚Ç¨‚Ñ¢t go to hospitals or clinics now the tourism secretary says don,0,FALSE
An image shared on social media claims vaccines are dangerous because they contain potassium chloride the chemical used to stop the heart in lethal injections.,0,FALSE
Italy √¢‚Ç¨≈ìwent against the WHO√¢‚Ç¨‚Ñ¢s √¢‚Ç¨Àúlaw√¢‚Ç¨‚Ñ¢√¢‚Ç¨¬ù against COVID-19 autopsies and √¢‚Ç¨≈ìdiscovered covid is not a virus but a bacterium√¢‚Ç¨¬ù that √¢‚Ç¨≈ìc,1,FALSE
You see suicide rates are skyrocketing now& in the United States.,0,FALSE
[U.S. Rep. Conor Lamb] said he would NOT vote for [Nancy Pelosi] for Speaker and did.,0,FALSE
Autopsies performed in Italy showed that COVID-19 is not pneumonia but a blood clotting disorder (disseminated intravascular coagulation). Doctors have been treating COVID-19 wrongly because ventilators and intensive care units were never needed; COVID-19 should instead be treated with antibiotics anti-inflammatories and anticoagulants.,0,FALSE
COVID-19 is a bacterium that is easily treated with aspirin or a coagulant.,0,FALSE
A study of 455 contacts of an asymptomatic carrier showed that none of the 455 were infected. The results prove that asymptomatic people cannot transmit COVID-19 and masks are therefore unnecessary. Some also claim that this shows COVID-19 is not contagious.,0,FALSE
A photo shows Gov. Gretchen Whitmer √¢‚Ç¨≈ìon Mackinaw Island today ignoring mask and social distancing r,0,FALSE
President Donald Trump tweeted √¢‚Ç¨≈ìSome oldies will have to die. We√¢‚Ç¨‚Ñ¢re in God√¢‚Ç¨‚Ñ¢s hands folks,0,FALSE
Dolores Cahill claims in an interview on TheHighWire that there is already a preventive strategy and treatment for COVID-19 through √¢‚Ç¨≈ìnutrition vitamins and hydroxychloroquine√¢‚Ç¨¬ù therefore social distancing is ,0,FALSE
A photo shows three men on crosses who √¢‚Ç¨≈ìfeel like they√¢‚Ç¨‚Ñ¢re being crucified by being required to s,1,FALSE
Japanese Nobel laureate Dr. Tasuku Honjo said the new coronavirus was engineered in a Chinese laboratory.,0,FALSE
Myrtle Beach South Carolina reported 220000 new coronavirus cases in 72 hours.,0,FALSE
Why did the state do that with COVID patients in nursing homes? Its because the state followed President Trumps CDC guidance.,0,FALSE
Michigan Gov. Gretchen Whitmer√¢‚Ç¨‚Ñ¢s family spent May 20 at her second home breaking her own stay-at-home ,1,FALSE
Top White House coronavirus adviser Dr. Anthony Fauci served on the Clinton Foundation√¢‚Ç¨‚Ñ¢s board of directors for 20,0,FALSE
Michigan governor reopened Traverse City √¢‚Ç¨≈ìso she could have her daughter√¢‚Ç¨‚Ñ¢s,1,FALSE
The image shows Los Angeles County Department of Public Health Director Dr. Barbara Ferrer looking sickly.,0,FALSE
People who have received flu vaccines in the past three to five years will √¢‚Ç¨≈ìprobably test positive√¢‚Ç¨¬ù f,0,FALSE
Bill Gates Explains That The COVID Vaccine Will Use Experimental Technology And Permanently Alter Your DNA.,0,FALSE
Dr. Anthony Fauci said: √¢‚Ç¨≈ìas soon as a COVID-19 vaccine is manufactured it must be delivered to healthcare professionals for immediate human injection. Proper studies can be done l,0,FALSE
President Donald Trump √¢‚Ç¨≈ìcancelled√¢‚Ç¨¬ù the U.S. House bill on contract tracing and √¢‚,1,FALSE
The German government billed China for 130 billion pounds in √¢‚Ç¨≈ìcoronavirus dam,0,FALSE
House Speaker Nancy Pelosi was in Wuhan China six days after √¢‚Ç¨≈ìthe impeachment HOAX fa,0,FALSE
If you look at the one (hydroxychloroquine) survey the only bad survey they were giving it to people that were in very bad shape. They were very old. Almost dead.,0,FALSE
The new Dane County lockdown policy& (has) effectively killed Badger football hockey and basketball for 2020.,0,FALSE
A lot of people can get an additional $2400 from the CARES Act and they can do it every month!,0,FALSE
Claim that President Donald Trump is trying to make $451 billion in Medicare cuts √¢‚Ç¨≈ìin the middle of a deadly pand,0,FALSE
The World Health Organization (WHO) said that no vegetarian has contracted COVID-19.,1,FALSE
Texas and Florida have a √¢‚Ç¨≈ìbalanced budget√¢‚Ç¨¬ù while California is √¢‚Ç¨≈ìin debt $54 billion and New York is √¢‚Ç¨,1,FALSE
UV-C lamps can kill 99.99% of all bacteria viruses and mold on any surface in ten seconds yet is 100% safe for humans and pets.,0,FALSE
Children in Oregon may be taken away if their parent or legal guardian tests positive for COVID-19.,1,FALSE
The video shows people celebrating the end of Saudi Arabia√¢‚Ç¨‚Ñ¢s coronavirus lo,0,FALSE
Dolores Cahill in Computing Forever interview claims that taking vitamins C and D as well as zinc boosts the immune system against COVID-19 that hydroxychloroquine has been proven effective against COVID-19 and that COVID-19 patients who recover are immune for life among others.,0,FALSE
New evidence shows wearing a face mask can help coronavirus enter the brain and pose more health risk.,1,FALSE
An article claims that a nearly $50 million United Nations humanitarian aid package to Ecuador is conditional on the South American country legalizing abortions.,0,FALSE
While California is dying & Gavin (Newsom) is vacationing in Stevensville MT!,0,FALSE
The flu didn√¢‚Ç¨‚Ñ¢t kill any Americans thi,0,FALSE
Says a warning label on a box of disposable masks shows that they are ineffective at protecting against the spread of COVID-19.,0,FALSE
Ohio Gov. Mike DeWine released 4300 prisoners and is now warning residents of a possible crime wave.,1,FALSE
Video shows Dr. Anthony Fauci advising the public not to wear face masks to prevent spreading or being infected by the coronavirus.,1,FALSE
Candace Owens claimed that the U.S. is not losing √¢‚Ç¨≈ìtons more lives√¢‚Ç¨¬ù in 2020 compared to 2019 and that the √¢‚Ç¨≈ìincrease [in mortality in 2020 is] virtua,0,FALSE
A Facebook post shared 10000 times claims no Americans died from the flu in 2020 suggesting that the national count of COVID-19 fatalities is exaggerated.,0,FALSE
The novel coronavirus was √¢‚Ç¨≈ìman-,0,FALSE
Posts shared thousands of times on social media list a number of adverse health effects linked to wearing face masks.,0,FALSE
Claim thttps://www.politifact.com/factchecks/2020/may/19/facebook-posts/dr-fauci-didnt-say-americans-should-be-microchippe/hat Dr. Fauci said every American should be microchipped.,1,FALSE
Italian Parliament Calls For The Arrest of Bill Gates,0,FALSE
